Ether account;Asset;Debit;Credit;Balance
0x21143a9e93c7359a24c8e29bf9cef35a65e3d59b;Ether;11.272673970431313;11.08420934538173;0.1884646250495834
0x21143a9e93c7359a24c8e29bf9cef35a65e3d59b;TRX;39;0;39
0x21143a9e93c7359a24c8e29bf9cef35a65e3d59b;LPT;2.167855057694728;0;2.167855057694728
0x21143a9e93c7359a24c8e29bf9cef35a65e3d59b;EBK;6.144495886850474;0;6.144495886850474
0xd351920d2feeb121269c02e0581296419ad8a3c4;Ether;0.9768119444704046;0.5396898251137224;0.4371221193566822
0xd351920d2feeb121269c02e0581296419ad8a3c4;eRSDL;86042.18222154326;80219.05388751384;5823.128334029418
0xd351920d2feeb121269c02e0581296419ad8a3c4;WETH;1e-18;0;1e-18
0xd351920d2feeb121269c02e0581296419ad8a3c4;PICKLE;0.000158181888706245;0;0.000158181888706245
0x21143a9e93c7359a24c8e29bf9cef35a65e3d59b;WETH;1e-18;0;1e-18
